{
	"name":"Little Planet 1",
	"arrOfPresetsEffects":[
		{"Slider Control":[{"Slider":{"value":3}}]},
		{"Angle Control":[{"Angle":{"value":-90}}]},
		{"Mobius Zoom":[{"Zoom In Point":{"expression":null,"value":"itemWidth*0.5,itemHight*0"}},{"Zoom Out Point":{"expression":null,"value":"itemWidth*0.5,itemHight*1"}},{"Zoom Factor":{"expression":"thisLayer.effect(\"Slider Control\").slider.value;"}}]},
		{"Rotator":[{"Tilt (X axis)": {"expression":"thisLayer.effect(\"Angle Control\").angle.value"}}]}
	]
}
