{
	"name":"Mirrors 2",
	"arrOfPresetsEffects":[
		{"Flat Mirror":[{"Point of Interest":{"expression":"seedRandom(123456, true); x=random()*width+time*width*0.1; y=height/2+Math.sin(random()*time)*width/5; [x-width*Math.floor(x/width),y]"}},{"FOV":{"expression":"seedRandom(123456, true); 30+60*Math.pow( Math.cos((1+random(1))*time/4) , 2 )"}},{"Tilt (X axis)":{"expression":"seedRandom(123456, true); 45*Math.sin((1+random(3))*time/1)"}},{"Pan (Y axis)":{"expression":"seedRandom(123456, true); 45*Math.sin((1+random(3))*time/1)"}},{"Roll (Z axis)":{"expression":"seedRandom(123456, true); 45*Math.sin((1+random(3))*time/1)"}}]},
		{"Flat Mirror":[{"Point of Interest":{"expression":"seedRandom(123456, true); x=random()*width+time*width*0.1; y=height/2+Math.sin(random()*time)*width/5; [x-width*Math.floor(x/width),y]"}},{"FOV":{"expression":"seedRandom(123456, true); 30+60*Math.pow( Math.cos((1+random(1))*time/4) , 2 )"}},{"Tilt (X axis)":{"expression":"seedRandom(123456, true); 45*Math.sin((1+random(3))*time/1)"}},{"Pan (Y axis)":{"expression":"seedRandom(123456, true); 45*Math.sin((1+random(3))*time/1)"}},{"Roll (Z axis)":{"expression":"seedRandom(123456, true); 45*Math.sin((1+random(3))*time/1)"}}]},
		{"Flat Mirror":[{"Point of Interest":{"expression":"seedRandom(123456, true); x=random()*width+time*width*0.1; y=height/2+Math.sin(random()*time)*width/5; [x-width*Math.floor(x/width),y]"}},{"FOV":{"expression":"seedRandom(123456, true); 30+60*Math.pow( Math.cos((1+random(1))*time/4) , 2 )"}},{"Tilt (X axis)":{"expression":"seedRandom(123456, true); 45*Math.sin((1+random(3))*time/1)"}},{"Pan (Y axis)":{"expression":"seedRandom(123456, true); 45*Math.sin((1+random(3))*time/1)"}},{"Roll (Z axis)":{"expression":"seedRandom(123456, true); 45*Math.sin((1+random(3))*time/1)"}}]},
		{"Flat Mirror":[{"Point of Interest":{"expression":"seedRandom(123456, true); x=random()*width+time*width*0.1; y=height/2+Math.sin(random()*time)*width/5; [x-width*Math.floor(x/width),y]"}},{"FOV":{"expression":"seedRandom(123456, true); 30+60*Math.pow( Math.cos((1+random(1))*time/4) , 2 )"}},{"Tilt (X axis)":{"expression":"seedRandom(123456, true); 45*Math.sin((1+random(3))*time/1)"}},{"Pan (Y axis)":{"expression":"seedRandom(123456, true); 45*Math.sin((1+random(3))*time/1)"}},{"Roll (Z axis)":{"expression":"seedRandom(123456, true); 45*Math.sin((1+random(3))*time/1)"}}]},
		{"Flat Mirror":[{"Point of Interest":{"expression":"seedRandom(123456, true); x=random()*width+time*width*0.1; y=height/2+Math.sin(random()*time)*width/5; [x-width*Math.floor(x/width),y]"}},{"FOV":{"expression":"seedRandom(123456, true); 30+60*Math.pow( Math.cos((1+random(1))*time/4) , 2 )"}},{"Tilt (X axis)":{"expression":"seedRandom(123456, true); 45*Math.sin((1+random(3))*time/1)"}},{"Pan (Y axis)":{"expression":"seedRandom(123456, true); 45*Math.sin((1+random(3))*time/1)"}},{"Roll (Z axis)":{"expression":"seedRandom(123456, true); 45*Math.sin((1+random(3))*time/1)"}}]},
		{"Flat Mirror":[{"Point of Interest":{"expression":"seedRandom(123456, true); x=random()*width+time*width*0.1; y=height/2+Math.sin(random()*time)*width/5; [x-width*Math.floor(x/width),y]"}},{"FOV":{"expression":"seedRandom(123456, true); 30+60*Math.pow( Math.cos((1+random(1))*time/4) , 2 )"}},{"Tilt (X axis)":{"expression":"seedRandom(123456, true); 45*Math.sin((1+random(3))*time/1)"}},{"Pan (Y axis)":{"expression":"seedRandom(123456, true); 45*Math.sin((1+random(3))*time/1)"}},{"Roll (Z axis)":{"expression":"seedRandom(123456, true); 45*Math.sin((1+random(3))*time/1)"}}]},
		{"Flat Mirror":[{"Point of Interest":{"expression":"seedRandom(123456, true); x=random()*width+time*width*0.1; y=height/2+Math.sin(random()*time)*width/5; [x-width*Math.floor(x/width),y]"}},{"FOV":{"expression":"seedRandom(123456, true); 30+60*Math.pow( Math.cos((1+random(1))*time/4) , 2 )"}},{"Tilt (X axis)":{"expression":"seedRandom(123456, true); 45*Math.sin((1+random(3))*time/1)"}},{"Pan (Y axis)":{"expression":"seedRandom(123456, true); 45*Math.sin((1+random(3))*time/1)"}},{"Roll (Z axis)":{"expression":"seedRandom(123456, true); 45*Math.sin((1+random(3))*time/1)"}}]},
		{"Flat Mirror":[{"Point of Interest":{"expression":"seedRandom(123456, true); x=random()*width+time*width*0.1; y=height/2+Math.sin(random()*time)*width/5; [x-width*Math.floor(x/width),y]"}},{"FOV":{"expression":"seedRandom(123456, true); 30+60*Math.pow( Math.cos((1+random(1))*time/4) , 2 )"}},{"Tilt (X axis)":{"expression":"seedRandom(123456, true); 45*Math.sin((1+random(3))*time/1)"}},{"Pan (Y axis)":{"expression":"seedRandom(123456, true); 45*Math.sin((1+random(3))*time/1)"}},{"Roll (Z axis)":{"expression":"seedRandom(123456, true); 45*Math.sin((1+random(3))*time/1)"}}]},
		{"Flat Mirror":[{"Point of Interest":{"expression":"seedRandom(123456, true); x=random()*width+time*width*0.1; y=height/2+Math.sin(random()*time)*width/5; [x-width*Math.floor(x/width),y]"}},{"FOV":{"expression":"seedRandom(123456, true); 30+60*Math.pow( Math.cos((1+random(1))*time/4) , 2 )"}},{"Tilt (X axis)":{"expression":"seedRandom(123456, true); 45*Math.sin((1+random(3))*time/1)"}},{"Pan (Y axis)":{"expression":"seedRandom(123456, true); 45*Math.sin((1+random(3))*time/1)"}},{"Roll (Z axis)":{"expression":"seedRandom(123456, true); 45*Math.sin((1+random(3))*time/1)"}}]},
		{"Flat Mirror":[{"Point of Interest":{"expression":"seedRandom(123456, true); x=random()*width+time*width*0.1; y=height/2+Math.sin(random()*time)*width/5; [x-width*Math.floor(x/width),y]"}},{"FOV":{"expression":"seedRandom(123456, true); 30+60*Math.pow( Math.cos((1+random(1))*time/4) , 2 )"}},{"Tilt (X axis)":{"expression":"seedRandom(123456, true); 45*Math.sin((1+random(3))*time/1)"}},{"Pan (Y axis)":{"expression":"seedRandom(123456, true); 45*Math.sin((1+random(3))*time/1)"}},{"Roll (Z axis)":{"expression":"seedRandom(123456, true); 45*Math.sin((1+random(3))*time/1)"}}]}
	]
}
