{
"name":"Reapeater 6",
"arrOfPresetsEffects":[
  {"Mobius Rotate":[{"Zoom In Point":{"expression":null,"value":"itemWidth*0.25,itemHight*0.5"}},{"Zoom Out Point":{"expression":null,"value":"itemWidth*0.75,itemHight*0.5"}},{"Angle":{"expression":null, "value":90}}]},
  {"Repeater":[{"Repeat X": {"expression":null, "value":1}},{"Repeat Y": {"expression":null, "value":1}},{"Mirror X":{"expression":null, "value":0}}]},
  {"Mobius Rotate":[{"Zoom In Point":{"expression":null, "value":"itemWidth*0.5,itemHight*0.5"}},{"Zoom Out Point":{"expression":null,"value":"itemWidth*1,itemHight*0.5"}},{"Angle":{"expression":null, "value":90}}]},
  {"Escher Droste":[{"Point of Interest":{"expression":null, "value":"itemWidth*0.5,itemHight*1"}},{"Zoom Factor": {"expression":null, "value":21}},{"Zoom Cut-off":{"expression":null, "value":1.5236}}]}
]
}
