{
	"name":"Waves 1",
	"arrOfPresetsEffects":[
		{"Slider Control":[{"Slider":{"expression":"var progress = (time-inPoint)/(outPoint-inPoint); var triangle = ((progress <= 0.5) ? progress * 2.0 : (1.0 - progress) * 2.0); triangle * 25;"}}]},
		{"Angle Control":[{"Angle":{"expression":"var progress = (time-inPoint)/(outPoint-inPoint); progress * 45 * 360;"}}]},
		{"Meridian Waves":[{"Amplitude":{"expression":"thisLayer.effect(\"Slider Control\").slider.value"}},{"Phase":{"expression":"thisLayer.effect(\"Angle Control\").angle.value"}}]},
		{"Meridian Waves":[{"Amplitude":{"expression":"thisLayer.effect(\"Slider Control\").slider.value"}},{"Phase":{"expression":"thisLayer.effect(\"Angle Control\").angle.value"}}]}
	]
}
